﻿<?xml version="1.0" encoding="utf-8" ?>
<maps>
  <direction path="framework/"/>
  <group name="pages">
    <map for="UI_Index_Css" to="mui/css/latest/ui_style.css"/>
    <map for="UI_Component" to="mui/js/ui.component.js"/>
    <map for="Css_Style" to="mui/css/latest/page_style.css"/>
    <map for="Login" to="mui/html/login.html"/>
    <map for="Index" to="mui/html/index.html"/>
    <map for="Server_Summary" to="mui/html/summary.html"/>
    <map for="Clear_Page" to="mui/html/clear_page.html"/>
    <map for="App_Config" to="mui/html/cms.config.html"/>
    <map for="Site_Index" to="mui/html/site/site.index.html"/>
    <map for="Site_Edit" to="mui/html/site/site.edit.html"/>
    <map for="Site_Extend_List" to="mui/html/site/extend/extend.list.html"/>
    <map for="Site_Extend_Create" to="mui/html/site/extend/extend.create.html"/>
    <map for="Site_Extend_Category_Check" to="mui/html/site/extend/extend.category_check.html"/>
    <map for="Link_List" to="mui/html/link/link_list.html"/>
    <map for="Link_Edit" to="mui/html/link/link_edit.html"/>
    <map for="Link_Edit_Navigator" to="mui/html/link/link_edit_navigator.html"/>
    <map for="Link_RelatedLink" to="mui/html/link/related_link.html"/>
    <map for="Category_LeftBar_Tree" to="mui/html/category/category_leftbar_tree.html"/>
    <map for="Category_CreateCategory" to="mui/html/category/category_create.html"/>
    <map for="Category_EditCategory" to="mui/html/category/category_edit.html"/>
    <map for="Category_List" to="mui/html/category/category_list.html"/>
    <map for="User_Index" to="mui/html/user/user_index.html"/>
    <map for="User_Edit" to="mui/html/user/user_edit.html"/>
    <map for="User_Role" to="mui/html/user/user_role_set.html"/>
    <map for="User_SaveProfile" to="mui/html/user/user_save_profile.html"/>
    <map for="Plugin_Dashboard" to="mui/html/plugin/plugin_dashboard.html"/>
    <map for="Plugin_MiniApps" to="mui/html/plugin/plugin_miniapps.html"/>
    <map for="Archive_Create" to="mui/html/archive/archive_create.html"/>
    <map for="Archive_Update" to="mui/html/archive/archive_update.html"/>
    <map for="Archive_List" to="mui/html/archive/archive_list.html"/>
    <map for="Archive_View" to="mui/html/archive/archive_view.html"/>
    <map for="Archive_Forword" to="mui/html/archive/archive_forword.html"/>
    <map for="Comment_List" to="mui/html/archive/comment_list.html"/>
    <map for="Archive_Search" to="mui/html/archive/archive_search.html"/>
    <map for="Archive_Tags" to="mui/html/archive/archive_tags.html"/>
    <map for="File_Manager" to="mui/html/file/file_manager.html"/>
    <map for="File_SelectEdit" to="mui/html/file/file_selectedit.html"/>
    <map for="File_Edit" to="mui/html/file/file_edit.html"/>
    <map for="Template_Manager" to="mui/html/template/template_manager.html"/>
    <map for="Template_Setting" to="mui/html/template/template_setting.html"/>
    <map for="Template_Edit" to="mui/html/template/template_edit.html"/>
    <map for="Template_EditFile" to="mui/html/template/template_editfile.html"/>
    <map for="Assistant_Category_Clone" to="mui/html/assistant/category_clone.html"/>
    <map for="Assistant_Archive_Clone_Pub" to="mui/html/assistant/archive_clone_pub.html"/>
    <map for="Assistant_Local_Patch" to="mui/html/assistant/local_patch.html"/>
    
  </group>
</maps>