﻿<?xml version="1.0" encoding="utf-8" ?>
<maps>
  <direction path="framework/local/management/"/>
  <group name="pages">
    <map for="Css_Style" to="css/style.css"/>
    <map for="Login" to="login.html"/>
    <map for="Index" to="index.html"/>
    <map for="Summary" to="views/summary.html"/>
    <map for="IndexMain" to="views/index.main.html"/>
    <map for="SUB_Index" to="views/subsite/index.html"/>
    <map for="App_Config" to="views/cms.config.html"/>
    <map for="Site_Index" to="views/site/site.index.html"/>
    <map for="Site_Edit" to="views/site/site.edit.html"/>
    <map for="Site_Extend_List" to="views/site/extend/extend.list.html"/>
    <map for="Site_Extend_Create" to="views/site/extend/extend.create.html"/>
    <map for="Site_Extend_Category_Check" to="views/site/extend/extend.category_check.html"/>
    <map for="Link_SiteLinkList" to="views/link/link.sitelink_list.html"/>
    <map for="Link_SiteLinkEdit" to="views/link/link.sitelink_edit.html"/>
    <map for="Link_SiteLinkEdit_Navigator" to="views/link/link.sitelink_edit_navigator.html"/>
    <map for="Link_RelatedLink" to="views/link/link.related_link.html"/>
    <map for="Category_LeftBar_Tree" to="views/category/category_leftbar_tree.html"/>
    <map for="Category_CreateCategory" to="views/category/category_create.html"/>
    <map for="Category_EditCategory" to="views/category/category_edit.html"/>
    <map for="Category_List" to="views/category/category_list.html"/>
    <map for="User_Index" to="views/user/user_index.html"/>
    <map for="User_Edit" to="views/user/user_edit.html"/>
    <map for="User_ModifyBasicProfile" to="views/user/user_modifyBasicProfile.html"/>
    <map for="Plugin_Dashboard" to="views/plugin/plugin_dashboard.html"/>
    <map for="Plugin_MiniApps" to="views/plugin/plugin_miniapps.html"/>
    <map for="Archive_Create" to="views/archive/archive_create.html"/>
    <map for="Archive_Update" to="views/archive/archive_update.html"/>
    <map for="Archive_List" to="views/archive/archive_list.html"/>
    <map for="Archive_View" to="views/archive/archiveView.html"/>
    <map for="File_Manager" to="views/file/file_manager.html"/>
    <map for="File_SelectEdit" to="views/file/file_selectedit.html"/>
    <map for="File_Edit" to="views/file/file_edit.html"/>
    <map for="Template_Manager" to="views/template/template_manager.html"/>
    <map for="Template_Setting" to="views/template/template_setting.html"/>
    <map for="Template_Edit" to="views/template/template_edit.html"/>
    <map for="Template_EditFile" to="views/template/template_editfile.html"/>
  </group>
</maps>